<application>
  <component name="libraryTable">
    <library name="groovy-2.5.4">
      <CLASSES />
      <JAVADOC />
      <SOURCES />
    </library>
    <library name="Python 3.5 (axiom) interpreter library">
      <CLASSES>
        <root url="file://$USER_HOME$/.virtualenvs/axiom/lib/python3.5" />
        <root url="file://$USER_HOME$/.virtualenvs/axiom/lib/python3.5/plat-darwin" />
        <root url="file://$USER_HOME$/.virtualenvs/axiom/lib/python3.5/lib-dynload" />
        <root url="file://$USER_HOME$/.pyenv/versions/3.5.2/lib/python3.5" />
        <root url="file://$USER_HOME$/.pyenv/versions/3.5.2/lib/python3.5/plat-darwin" />
        <root url="file://$USER_HOME$/.virtualenvs/axiom/lib/python3.5/site-packages" />
        <root url="file://$USER_HOME$/Library/Caches/IntelliJIdea2019.1/python_stubs/11826764" />
        <root url="file://$APPLICATION_PLUGINS_DIR$/python/helpers/python-skeletons" />
        <root url="file://$APPLICATION_PLUGINS_DIR$/python/helpers/typeshed/stdlib/3" />
        <root url="file://$APPLICATION_PLUGINS_DIR$/python/helpers/typeshed/stdlib/2and3" />
        <root url="file://$APPLICATION_PLUGINS_DIR$/python/helpers/typeshed/third_party/3" />
        <root url="file://$APPLICATION_PLUGINS_DIR$/python/helpers/typeshed/third_party/2and3" />
      </CLASSES>
      <JAVADOC />
      <SOURCES>
        <root url="file://$USER_HOME$/.virtualenvs/axiom/lib/python3.5" />
        <root url="file://$USER_HOME$/.virtualenvs/axiom/lib/python3.5/plat-darwin" />
        <root url="file://$USER_HOME$/.virtualenvs/axiom/lib/python3.5/lib-dynload" />
        <root url="file://$USER_HOME$/.pyenv/versions/3.5.2/lib/python3.5" />
        <root url="file://$USER_HOME$/.pyenv/versions/3.5.2/lib/python3.5/plat-darwin" />
        <root url="file://$USER_HOME$/.virtualenvs/axiom/lib/python3.5/site-packages" />
        <root url="file://$USER_HOME$/Library/Caches/IntelliJIdea2019.1/python_stubs/11826764" />
        <root url="file://$APPLICATION_PLUGINS_DIR$/python/helpers/python-skeletons" />
        <root url="file://$APPLICATION_PLUGINS_DIR$/python/helpers/typeshed/stdlib/3" />
        <root url="file://$APPLICATION_PLUGINS_DIR$/python/helpers/typeshed/stdlib/2and3" />
        <root url="file://$APPLICATION_PLUGINS_DIR$/python/helpers/typeshed/third_party/3" />
        <root url="file://$APPLICATION_PLUGINS_DIR$/python/helpers/typeshed/third_party/2and3" />
      </SOURCES>
    </library>
    <library name="Python 3.5 (larry) interpreter library">
      <CLASSES>
        <root url="file://$USER_HOME$/.virtualenvs/larry/lib/python3.5" />
        <root url="file://$USER_HOME$/.virtualenvs/larry/lib/python3.5/plat-darwin" />
        <root url="file://$USER_HOME$/.virtualenvs/larry/lib/python3.5/lib-dynload" />
        <root url="file://$USER_HOME$/.pyenv/versions/3.5.2/lib/python3.5" />
        <root url="file://$USER_HOME$/.pyenv/versions/3.5.2/lib/python3.5/plat-darwin" />
        <root url="file://$USER_HOME$/.virtualenvs/larry/lib/python3.5/site-packages" />
        <root url="file://$USER_HOME$/Library/Caches/IntelliJIdea2019.1/python_stubs/-1209311848" />
        <root url="file://$APPLICATION_PLUGINS_DIR$/python/helpers/python-skeletons" />
        <root url="file://$APPLICATION_PLUGINS_DIR$/python/helpers/typeshed/stdlib/3" />
        <root url="file://$APPLICATION_PLUGINS_DIR$/python/helpers/typeshed/stdlib/2and3" />
        <root url="file://$APPLICATION_PLUGINS_DIR$/python/helpers/typeshed/third_party/3" />
        <root url="file://$APPLICATION_PLUGINS_DIR$/python/helpers/typeshed/third_party/2and3" />
      </CLASSES>
      <JAVADOC />
      <SOURCES>
        <root url="file://$USER_HOME$/.virtualenvs/larry/lib/python3.5" />
        <root url="file://$USER_HOME$/.virtualenvs/larry/lib/python3.5/plat-darwin" />
        <root url="file://$USER_HOME$/.virtualenvs/larry/lib/python3.5/lib-dynload" />
        <root url="file://$USER_HOME$/.pyenv/versions/3.5.2/lib/python3.5" />
        <root url="file://$USER_HOME$/.pyenv/versions/3.5.2/lib/python3.5/plat-darwin" />
        <root url="file://$USER_HOME$/.virtualenvs/larry/lib/python3.5/site-packages" />
        <root url="file://$USER_HOME$/Library/Caches/IntelliJIdea2019.1/python_stubs/-1209311848" />
        <root url="file://$APPLICATION_PLUGINS_DIR$/python/helpers/python-skeletons" />
        <root url="file://$APPLICATION_PLUGINS_DIR$/python/helpers/typeshed/stdlib/3" />
        <root url="file://$APPLICATION_PLUGINS_DIR$/python/helpers/typeshed/stdlib/2and3" />
        <root url="file://$APPLICATION_PLUGINS_DIR$/python/helpers/typeshed/third_party/3" />
        <root url="file://$APPLICATION_PLUGINS_DIR$/python/helpers/typeshed/third_party/2and3" />
      </SOURCES>
    </library>
    <library name="Python 3.5 (lib-snipe) interpreter library">
      <CLASSES>
        <root url="file://$USER_HOME$/.virtualenvs/lib-snipe/lib/python3.5" />
        <root url="file://$USER_HOME$/.virtualenvs/lib-snipe/lib/python3.5/plat-darwin" />
        <root url="file://$USER_HOME$/.virtualenvs/lib-snipe/lib/python3.5/lib-dynload" />
        <root url="file://$USER_HOME$/.pyenv/versions/3.5.2/lib/python3.5" />
        <root url="file://$USER_HOME$/.pyenv/versions/3.5.2/lib/python3.5/plat-darwin" />
        <root url="file://$USER_HOME$/.virtualenvs/lib-snipe/lib/python3.5/site-packages" />
        <root url="file://$USER_HOME$/Library/Caches/IntelliJIdea2019.1/python_stubs/-999651647" />
        <root url="file://$APPLICATION_PLUGINS_DIR$/python/helpers/python-skeletons" />
        <root url="file://$APPLICATION_PLUGINS_DIR$/python/helpers/typeshed/stdlib/3" />
        <root url="file://$APPLICATION_PLUGINS_DIR$/python/helpers/typeshed/stdlib/2and3" />
        <root url="file://$APPLICATION_PLUGINS_DIR$/python/helpers/typeshed/third_party/3" />
        <root url="file://$APPLICATION_PLUGINS_DIR$/python/helpers/typeshed/third_party/2and3" />
      </CLASSES>
      <JAVADOC />
      <SOURCES>
        <root url="file://$USER_HOME$/.virtualenvs/lib-snipe/lib/python3.5" />
        <root url="file://$USER_HOME$/.virtualenvs/lib-snipe/lib/python3.5/plat-darwin" />
        <root url="file://$USER_HOME$/.virtualenvs/lib-snipe/lib/python3.5/lib-dynload" />
        <root url="file://$USER_HOME$/.pyenv/versions/3.5.2/lib/python3.5" />
        <root url="file://$USER_HOME$/.pyenv/versions/3.5.2/lib/python3.5/plat-darwin" />
        <root url="file://$USER_HOME$/.virtualenvs/lib-snipe/lib/python3.5/site-packages" />
        <root url="file://$USER_HOME$/Library/Caches/IntelliJIdea2019.1/python_stubs/-999651647" />
        <root url="file://$APPLICATION_PLUGINS_DIR$/python/helpers/python-skeletons" />
        <root url="file://$APPLICATION_PLUGINS_DIR$/python/helpers/typeshed/stdlib/3" />
        <root url="file://$APPLICATION_PLUGINS_DIR$/python/helpers/typeshed/stdlib/2and3" />
        <root url="file://$APPLICATION_PLUGINS_DIR$/python/helpers/typeshed/third_party/3" />
        <root url="file://$APPLICATION_PLUGINS_DIR$/python/helpers/typeshed/third_party/2and3" />
      </SOURCES>
    </library>
    <library name="Python 3.5 (nike) interpreter library">
      <CLASSES>
        <root url="file://$USER_HOME$/.virtualenvs/nike/lib/python3.5" />
        <root url="file://$USER_HOME$/.virtualenvs/nike/lib/python3.5/plat-darwin" />
        <root url="file://$USER_HOME$/.virtualenvs/nike/lib/python3.5/lib-dynload" />
        <root url="file://$USER_HOME$/.pyenv/versions/3.5.2/lib/python3.5" />
        <root url="file://$USER_HOME$/.pyenv/versions/3.5.2/lib/python3.5/plat-darwin" />
        <root url="file://$USER_HOME$/.virtualenvs/nike/lib/python3.5/site-packages" />
        <root url="file://$USER_HOME$/Library/Caches/IntelliJIdea2019.1/python_stubs/1100183381" />
        <root url="file://$APPLICATION_PLUGINS_DIR$/python/helpers/python-skeletons" />
        <root url="file://$APPLICATION_PLUGINS_DIR$/python/helpers/typeshed/stdlib/3" />
        <root url="file://$APPLICATION_PLUGINS_DIR$/python/helpers/typeshed/stdlib/2and3" />
        <root url="file://$APPLICATION_PLUGINS_DIR$/python/helpers/typeshed/third_party/3" />
        <root url="file://$APPLICATION_PLUGINS_DIR$/python/helpers/typeshed/third_party/2and3" />
      </CLASSES>
      <JAVADOC />
      <SOURCES>
        <root url="file://$USER_HOME$/.virtualenvs/nike/lib/python3.5" />
        <root url="file://$USER_HOME$/.virtualenvs/nike/lib/python3.5/plat-darwin" />
        <root url="file://$USER_HOME$/.virtualenvs/nike/lib/python3.5/lib-dynload" />
        <root url="file://$USER_HOME$/.pyenv/versions/3.5.2/lib/python3.5" />
        <root url="file://$USER_HOME$/.pyenv/versions/3.5.2/lib/python3.5/plat-darwin" />
        <root url="file://$USER_HOME$/.virtualenvs/nike/lib/python3.5/site-packages" />
        <root url="file://$USER_HOME$/Library/Caches/IntelliJIdea2019.1/python_stubs/1100183381" />
        <root url="file://$APPLICATION_PLUGINS_DIR$/python/helpers/python-skeletons" />
        <root url="file://$APPLICATION_PLUGINS_DIR$/python/helpers/typeshed/stdlib/3" />
        <root url="file://$APPLICATION_PLUGINS_DIR$/python/helpers/typeshed/stdlib/2and3" />
        <root url="file://$APPLICATION_PLUGINS_DIR$/python/helpers/typeshed/third_party/3" />
        <root url="file://$APPLICATION_PLUGINS_DIR$/python/helpers/typeshed/third_party/2and3" />
      </SOURCES>
    </library>
    <library name="Python 3.5 (pcc) interpreter library">
      <CLASSES>
        <root url="file://$USER_HOME$/.virtualenvs/pcc/lib/python3.5" />
        <root url="file://$USER_HOME$/.virtualenvs/pcc/lib/python3.5/plat-darwin" />
        <root url="file://$USER_HOME$/.virtualenvs/pcc/lib/python3.5/lib-dynload" />
        <root url="file://$USER_HOME$/.pyenv/versions/3.5.2/lib/python3.5" />
        <root url="file://$USER_HOME$/.pyenv/versions/3.5.2/lib/python3.5/plat-darwin" />
        <root url="file://$USER_HOME$/.virtualenvs/pcc/lib/python3.5/site-packages" />
        <root url="file://$USER_HOME$/Library/Caches/IntelliJIdea2019.1/python_stubs/935484460" />
        <root url="file://$APPLICATION_PLUGINS_DIR$/python/helpers/python-skeletons" />
        <root url="file://$APPLICATION_PLUGINS_DIR$/python/helpers/typeshed/stdlib/3" />
        <root url="file://$APPLICATION_PLUGINS_DIR$/python/helpers/typeshed/stdlib/2and3" />
        <root url="file://$APPLICATION_PLUGINS_DIR$/python/helpers/typeshed/third_party/3" />
        <root url="file://$APPLICATION_PLUGINS_DIR$/python/helpers/typeshed/third_party/2and3" />
      </CLASSES>
      <JAVADOC />
      <SOURCES>
        <root url="file://$USER_HOME$/.virtualenvs/pcc/lib/python3.5" />
        <root url="file://$USER_HOME$/.virtualenvs/pcc/lib/python3.5/plat-darwin" />
        <root url="file://$USER_HOME$/.virtualenvs/pcc/lib/python3.5/lib-dynload" />
        <root url="file://$USER_HOME$/.pyenv/versions/3.5.2/lib/python3.5" />
        <root url="file://$USER_HOME$/.pyenv/versions/3.5.2/lib/python3.5/plat-darwin" />
        <root url="file://$USER_HOME$/.virtualenvs/pcc/lib/python3.5/site-packages" />
        <root url="file://$USER_HOME$/Library/Caches/IntelliJIdea2019.1/python_stubs/935484460" />
        <root url="file://$APPLICATION_PLUGINS_DIR$/python/helpers/python-skeletons" />
        <root url="file://$APPLICATION_PLUGINS_DIR$/python/helpers/typeshed/stdlib/3" />
        <root url="file://$APPLICATION_PLUGINS_DIR$/python/helpers/typeshed/stdlib/2and3" />
        <root url="file://$APPLICATION_PLUGINS_DIR$/python/helpers/typeshed/third_party/3" />
        <root url="file://$APPLICATION_PLUGINS_DIR$/python/helpers/typeshed/third_party/2and3" />
      </SOURCES>
    </library>
    <library name="Python 3.5 (predikto-utilities) interpreter library">
      <CLASSES>
        <root url="file://$USER_HOME$/.virtualenvs/putils/lib/python3.5" />
        <root url="file://$USER_HOME$/.virtualenvs/putils/lib/python3.5/plat-darwin" />
        <root url="file://$USER_HOME$/.virtualenvs/putils/lib/python3.5/lib-dynload" />
        <root url="file://$USER_HOME$/.pyenv/versions/3.5.2/lib/python3.5" />
        <root url="file://$USER_HOME$/.pyenv/versions/3.5.2/lib/python3.5/plat-darwin" />
        <root url="file://$USER_HOME$/.virtualenvs/putils/lib/python3.5/site-packages" />
        <root url="file://$USER_HOME$/Library/Caches/IntelliJIdea2019.1/python_stubs/1423412975" />
        <root url="file://$APPLICATION_PLUGINS_DIR$/python/helpers/python-skeletons" />
        <root url="file://$APPLICATION_PLUGINS_DIR$/python/helpers/typeshed/stdlib/3" />
        <root url="file://$APPLICATION_PLUGINS_DIR$/python/helpers/typeshed/stdlib/2and3" />
        <root url="file://$APPLICATION_PLUGINS_DIR$/python/helpers/typeshed/third_party/3" />
        <root url="file://$APPLICATION_PLUGINS_DIR$/python/helpers/typeshed/third_party/2and3" />
      </CLASSES>
      <JAVADOC />
      <SOURCES>
        <root url="file://$USER_HOME$/.virtualenvs/putils/lib/python3.5" />
        <root url="file://$USER_HOME$/.virtualenvs/putils/lib/python3.5/plat-darwin" />
        <root url="file://$USER_HOME$/.virtualenvs/putils/lib/python3.5/lib-dynload" />
        <root url="file://$USER_HOME$/.pyenv/versions/3.5.2/lib/python3.5" />
        <root url="file://$USER_HOME$/.pyenv/versions/3.5.2/lib/python3.5/plat-darwin" />
        <root url="file://$USER_HOME$/.virtualenvs/putils/lib/python3.5/site-packages" />
        <root url="file://$USER_HOME$/Library/Caches/IntelliJIdea2019.1/python_stubs/1423412975" />
        <root url="file://$APPLICATION_PLUGINS_DIR$/python/helpers/python-skeletons" />
        <root url="file://$APPLICATION_PLUGINS_DIR$/python/helpers/typeshed/stdlib/3" />
        <root url="file://$APPLICATION_PLUGINS_DIR$/python/helpers/typeshed/stdlib/2and3" />
        <root url="file://$APPLICATION_PLUGINS_DIR$/python/helpers/typeshed/third_party/3" />
        <root url="file://$APPLICATION_PLUGINS_DIR$/python/helpers/typeshed/third_party/2and3" />
      </SOURCES>
    </library>
    <library name="Python 3.5 (scheduler) interpreter library">
      <CLASSES>
        <root url="file://$USER_HOME$/.virtualenvs/scheduler/lib/python3.5" />
        <root url="file://$USER_HOME$/.virtualenvs/scheduler/lib/python3.5/plat-darwin" />
        <root url="file://$USER_HOME$/.virtualenvs/scheduler/lib/python3.5/lib-dynload" />
        <root url="file://$USER_HOME$/.pyenv/versions/3.5.2/lib/python3.5" />
        <root url="file://$USER_HOME$/.pyenv/versions/3.5.2/lib/python3.5/plat-darwin" />
        <root url="file://$USER_HOME$/.virtualenvs/scheduler/lib/python3.5/site-packages" />
        <root url="file://$USER_HOME$/Library/Caches/IntelliJIdea2019.1/python_stubs/598514937" />
        <root url="file://$APPLICATION_PLUGINS_DIR$/python/helpers/python-skeletons" />
        <root url="file://$APPLICATION_PLUGINS_DIR$/python/helpers/typeshed/stdlib/3" />
        <root url="file://$APPLICATION_PLUGINS_DIR$/python/helpers/typeshed/stdlib/2and3" />
        <root url="file://$APPLICATION_PLUGINS_DIR$/python/helpers/typeshed/third_party/3" />
        <root url="file://$APPLICATION_PLUGINS_DIR$/python/helpers/typeshed/third_party/2and3" />
      </CLASSES>
      <JAVADOC />
      <SOURCES>
        <root url="file://$USER_HOME$/.virtualenvs/scheduler/lib/python3.5" />
        <root url="file://$USER_HOME$/.virtualenvs/scheduler/lib/python3.5/plat-darwin" />
        <root url="file://$USER_HOME$/.virtualenvs/scheduler/lib/python3.5/lib-dynload" />
        <root url="file://$USER_HOME$/.pyenv/versions/3.5.2/lib/python3.5" />
        <root url="file://$USER_HOME$/.pyenv/versions/3.5.2/lib/python3.5/plat-darwin" />
        <root url="file://$USER_HOME$/.virtualenvs/scheduler/lib/python3.5/site-packages" />
        <root url="file://$USER_HOME$/Library/Caches/IntelliJIdea2019.1/python_stubs/598514937" />
        <root url="file://$APPLICATION_PLUGINS_DIR$/python/helpers/python-skeletons" />
        <root url="file://$APPLICATION_PLUGINS_DIR$/python/helpers/typeshed/stdlib/3" />
        <root url="file://$APPLICATION_PLUGINS_DIR$/python/helpers/typeshed/stdlib/2and3" />
        <root url="file://$APPLICATION_PLUGINS_DIR$/python/helpers/typeshed/third_party/3" />
        <root url="file://$APPLICATION_PLUGINS_DIR$/python/helpers/typeshed/third_party/2and3" />
      </SOURCES>
    </library>
    <library name="Python 3.7 (airflow-deploy) interpreter library">
      <CLASSES>
        <root url="file:///usr/local/Cellar/python/3.7.5/Frameworks/Python.framework/Versions/3.7/lib/python3.7" />
        <root url="file://$USER_HOME$/Library/Caches/IntelliJIdea2019.2/python_stubs/2070485061" />
        <root url="file://$APPLICATION_PLUGINS_DIR$/python/helpers/python-skeletons" />
        <root url="file://$APPLICATION_PLUGINS_DIR$/python/helpers/typeshed/stdlib/3" />
        <root url="file://$APPLICATION_PLUGINS_DIR$/python/helpers/typeshed/stdlib/2and3" />
        <root url="file://$APPLICATION_PLUGINS_DIR$/python/helpers/typeshed/third_party/3" />
        <root url="file://$APPLICATION_PLUGINS_DIR$/python/helpers/typeshed/third_party/2and3" />
      </CLASSES>
      <JAVADOC />
      <SOURCES>
        <root url="file:///usr/local/Cellar/python/3.7.5/Frameworks/Python.framework/Versions/3.7/lib/python3.7" />
        <root url="file://$USER_HOME$/Library/Caches/IntelliJIdea2019.2/python_stubs/2070485061" />
        <root url="file://$APPLICATION_PLUGINS_DIR$/python/helpers/python-skeletons" />
        <root url="file://$APPLICATION_PLUGINS_DIR$/python/helpers/typeshed/stdlib/3" />
        <root url="file://$APPLICATION_PLUGINS_DIR$/python/helpers/typeshed/stdlib/2and3" />
        <root url="file://$APPLICATION_PLUGINS_DIR$/python/helpers/typeshed/third_party/3" />
        <root url="file://$APPLICATION_PLUGINS_DIR$/python/helpers/typeshed/third_party/2and3" />
      </SOURCES>
    </library>
    <library name="Python 3.7 (airflow-deployment) interpreter library">
      <CLASSES>
        <root url="file://$USER_HOME$/.virtualenvs/airflow-deployment/lib/python3.7" />
        <root url="file://$USER_HOME$/.virtualenvs/airflow-deployment/lib/python3.7/lib-dynload" />
        <root url="file:///usr/local/Cellar/python/3.7.5/Frameworks/Python.framework/Versions/3.7/lib/python3.7" />
        <root url="file://$USER_HOME$/.virtualenvs/airflow-deployment/lib/python3.7/site-packages" />
        <root url="file://$USER_HOME$/Library/Caches/IntelliJIdea2019.2/python_stubs/-338655709" />
        <root url="file://$APPLICATION_PLUGINS_DIR$/python/helpers/python-skeletons" />
        <root url="file://$APPLICATION_PLUGINS_DIR$/python/helpers/typeshed/stdlib/3" />
        <root url="file://$APPLICATION_PLUGINS_DIR$/python/helpers/typeshed/stdlib/2and3" />
        <root url="file://$APPLICATION_PLUGINS_DIR$/python/helpers/typeshed/third_party/3" />
        <root url="file://$APPLICATION_PLUGINS_DIR$/python/helpers/typeshed/third_party/2and3" />
      </CLASSES>
      <JAVADOC />
      <SOURCES>
        <root url="file://$USER_HOME$/.virtualenvs/airflow-deployment/lib/python3.7" />
        <root url="file://$USER_HOME$/.virtualenvs/airflow-deployment/lib/python3.7/lib-dynload" />
        <root url="file:///usr/local/Cellar/python/3.7.5/Frameworks/Python.framework/Versions/3.7/lib/python3.7" />
        <root url="file://$USER_HOME$/.virtualenvs/airflow-deployment/lib/python3.7/site-packages" />
        <root url="file://$USER_HOME$/Library/Caches/IntelliJIdea2019.2/python_stubs/-338655709" />
        <root url="file://$APPLICATION_PLUGINS_DIR$/python/helpers/python-skeletons" />
        <root url="file://$APPLICATION_PLUGINS_DIR$/python/helpers/typeshed/stdlib/3" />
        <root url="file://$APPLICATION_PLUGINS_DIR$/python/helpers/typeshed/stdlib/2and3" />
        <root url="file://$APPLICATION_PLUGINS_DIR$/python/helpers/typeshed/third_party/3" />
        <root url="file://$APPLICATION_PLUGINS_DIR$/python/helpers/typeshed/third_party/2and3" />
      </SOURCES>
    </library>
    <library name="Python 3.7 (libaxiom) interpreter library">
      <CLASSES>
        <root url="file://$USER_HOME$/.virtualenvs/libaxiom/lib/python3.7" />
        <root url="file://$USER_HOME$/.virtualenvs/libaxiom/lib/python3.7/lib-dynload" />
        <root url="file:///usr/local/Cellar/python/3.7.5/Frameworks/Python.framework/Versions/3.7/lib/python3.7" />
        <root url="file://$USER_HOME$/.virtualenvs/libaxiom/lib/python3.7/site-packages" />
        <root url="file://$USER_HOME$/Library/Caches/IntelliJIdea2019.3/python_stubs/1640749407" />
        <root url="file://$APPLICATION_PLUGINS_DIR$/python/helpers/python-skeletons" />
        <root url="file://$APPLICATION_PLUGINS_DIR$/python/helpers/typeshed/stdlib/3" />
        <root url="file://$APPLICATION_PLUGINS_DIR$/python/helpers/typeshed/stdlib/2and3" />
        <root url="file://$APPLICATION_PLUGINS_DIR$/python/helpers/typeshed/third_party/3" />
        <root url="file://$APPLICATION_PLUGINS_DIR$/python/helpers/typeshed/third_party/2and3" />
      </CLASSES>
      <JAVADOC />
      <SOURCES>
        <root url="file://$USER_HOME$/.virtualenvs/libaxiom/lib/python3.7" />
        <root url="file://$USER_HOME$/.virtualenvs/libaxiom/lib/python3.7/lib-dynload" />
        <root url="file:///usr/local/Cellar/python/3.7.5/Frameworks/Python.framework/Versions/3.7/lib/python3.7" />
        <root url="file://$USER_HOME$/.virtualenvs/libaxiom/lib/python3.7/site-packages" />
        <root url="file://$USER_HOME$/Library/Caches/IntelliJIdea2019.3/python_stubs/1640749407" />
        <root url="file://$APPLICATION_PLUGINS_DIR$/python/helpers/python-skeletons" />
        <root url="file://$APPLICATION_PLUGINS_DIR$/python/helpers/typeshed/stdlib/3" />
        <root url="file://$APPLICATION_PLUGINS_DIR$/python/helpers/typeshed/stdlib/2and3" />
        <root url="file://$APPLICATION_PLUGINS_DIR$/python/helpers/typeshed/third_party/3" />
        <root url="file://$APPLICATION_PLUGINS_DIR$/python/helpers/typeshed/third_party/2and3" />
      </SOURCES>
    </library>
    <library name="Python 3.7 (msga) interpreter library">
      <CLASSES>
        <root url="file://$USER_HOME$/.virtualenvs/msga/lib/python3.7" />
        <root url="file://$USER_HOME$/.virtualenvs/msga/lib/python3.7/lib-dynload" />
        <root url="file://$USER_HOME$/.pyenv/versions/3.7.0/lib/python3.7" />
        <root url="file://$USER_HOME$/.virtualenvs/msga/lib/python3.7/site-packages" />
        <root url="file://$USER_HOME$/Library/Caches/IntelliJIdea2019.1/python_stubs/-1675085006" />
        <root url="file://$APPLICATION_PLUGINS_DIR$/python/helpers/python-skeletons" />
        <root url="file://$APPLICATION_PLUGINS_DIR$/python/helpers/typeshed/stdlib/3" />
        <root url="file://$APPLICATION_PLUGINS_DIR$/python/helpers/typeshed/stdlib/2and3" />
        <root url="file://$APPLICATION_PLUGINS_DIR$/python/helpers/typeshed/third_party/3" />
        <root url="file://$APPLICATION_PLUGINS_DIR$/python/helpers/typeshed/third_party/2and3" />
      </CLASSES>
      <JAVADOC />
      <SOURCES>
        <root url="file://$USER_HOME$/.virtualenvs/msga/lib/python3.7" />
        <root url="file://$USER_HOME$/.virtualenvs/msga/lib/python3.7/lib-dynload" />
        <root url="file://$USER_HOME$/.pyenv/versions/3.7.0/lib/python3.7" />
        <root url="file://$USER_HOME$/.virtualenvs/msga/lib/python3.7/site-packages" />
        <root url="file://$USER_HOME$/Library/Caches/IntelliJIdea2019.1/python_stubs/-1675085006" />
        <root url="file://$APPLICATION_PLUGINS_DIR$/python/helpers/python-skeletons" />
        <root url="file://$APPLICATION_PLUGINS_DIR$/python/helpers/typeshed/stdlib/3" />
        <root url="file://$APPLICATION_PLUGINS_DIR$/python/helpers/typeshed/stdlib/2and3" />
        <root url="file://$APPLICATION_PLUGINS_DIR$/python/helpers/typeshed/third_party/3" />
        <root url="file://$APPLICATION_PLUGINS_DIR$/python/helpers/typeshed/third_party/2and3" />
      </SOURCES>
    </library>
    <library name="Python 3.7 (pat) interpreter library">
      <CLASSES>
        <root url="file://$USER_HOME$/.virtualenvs/pat/lib/python3.7" />
        <root url="file://$USER_HOME$/.virtualenvs/pat/lib/python3.7/lib-dynload" />
        <root url="file:///usr/local/Cellar/python/3.7.5/Frameworks/Python.framework/Versions/3.7/lib/python3.7" />
        <root url="file://$USER_HOME$/.virtualenvs/pat/lib/python3.7/site-packages" />
        <root url="file://$USER_HOME$/Library/Caches/IntelliJIdea2019.2/python_stubs/-578270599" />
        <root url="file://$APPLICATION_PLUGINS_DIR$/python/helpers/python-skeletons" />
        <root url="file://$APPLICATION_PLUGINS_DIR$/python/helpers/typeshed/stdlib/3" />
        <root url="file://$APPLICATION_PLUGINS_DIR$/python/helpers/typeshed/stdlib/2and3" />
        <root url="file://$APPLICATION_PLUGINS_DIR$/python/helpers/typeshed/third_party/3" />
        <root url="file://$APPLICATION_PLUGINS_DIR$/python/helpers/typeshed/third_party/2and3" />
      </CLASSES>
      <JAVADOC />
      <SOURCES>
        <root url="file://$USER_HOME$/.virtualenvs/pat/lib/python3.7" />
        <root url="file://$USER_HOME$/.virtualenvs/pat/lib/python3.7/lib-dynload" />
        <root url="file:///usr/local/Cellar/python/3.7.5/Frameworks/Python.framework/Versions/3.7/lib/python3.7" />
        <root url="file://$USER_HOME$/.virtualenvs/pat/lib/python3.7/site-packages" />
        <root url="file://$USER_HOME$/Library/Caches/IntelliJIdea2019.2/python_stubs/-578270599" />
        <root url="file://$APPLICATION_PLUGINS_DIR$/python/helpers/python-skeletons" />
        <root url="file://$APPLICATION_PLUGINS_DIR$/python/helpers/typeshed/stdlib/3" />
        <root url="file://$APPLICATION_PLUGINS_DIR$/python/helpers/typeshed/stdlib/2and3" />
        <root url="file://$APPLICATION_PLUGINS_DIR$/python/helpers/typeshed/third_party/3" />
        <root url="file://$APPLICATION_PLUGINS_DIR$/python/helpers/typeshed/third_party/2and3" />
      </SOURCES>
    </library>
    <library name="Python 3.7 (predikto-airflow-dag) interpreter library">
      <CLASSES>
        <root url="file://$USER_HOME$/.virtualenvs/predikto-airflow-dag/lib/python3.7" />
        <root url="file://$USER_HOME$/.virtualenvs/predikto-airflow-dag/lib/python3.7/lib-dynload" />
        <root url="file:///usr/local/Cellar/python/3.7.7/Frameworks/Python.framework/Versions/3.7/lib/python3.7" />
        <root url="file://$USER_HOME$/.virtualenvs/predikto-airflow-dag/lib/python3.7/site-packages" />
        <root url="file://$USER_HOME$/Library/Caches/IntelliJIdea2019.3/python_stubs/2013291215" />
        <root url="file://$APPLICATION_PLUGINS_DIR$/python/helpers/python-skeletons" />
        <root url="file://$APPLICATION_PLUGINS_DIR$/python/helpers/typeshed/stdlib/3" />
        <root url="file://$APPLICATION_PLUGINS_DIR$/python/helpers/typeshed/stdlib/2and3" />
        <root url="file://$APPLICATION_PLUGINS_DIR$/python/helpers/typeshed/third_party/3" />
        <root url="file://$APPLICATION_PLUGINS_DIR$/python/helpers/typeshed/third_party/2and3" />
      </CLASSES>
      <JAVADOC />
      <SOURCES>
        <root url="file://$USER_HOME$/.virtualenvs/predikto-airflow-dag/lib/python3.7" />
        <root url="file://$USER_HOME$/.virtualenvs/predikto-airflow-dag/lib/python3.7/lib-dynload" />
        <root url="file:///usr/local/Cellar/python/3.7.7/Frameworks/Python.framework/Versions/3.7/lib/python3.7" />
        <root url="file://$USER_HOME$/.virtualenvs/predikto-airflow-dag/lib/python3.7/site-packages" />
        <root url="file://$USER_HOME$/Library/Caches/IntelliJIdea2019.3/python_stubs/2013291215" />
        <root url="file://$APPLICATION_PLUGINS_DIR$/python/helpers/python-skeletons" />
        <root url="file://$APPLICATION_PLUGINS_DIR$/python/helpers/typeshed/stdlib/3" />
        <root url="file://$APPLICATION_PLUGINS_DIR$/python/helpers/typeshed/stdlib/2and3" />
        <root url="file://$APPLICATION_PLUGINS_DIR$/python/helpers/typeshed/third_party/3" />
        <root url="file://$APPLICATION_PLUGINS_DIR$/python/helpers/typeshed/third_party/2and3" />
      </SOURCES>
    </library>
    <library name="Python 3.7 (predikto-docker) interpreter library">
      <CLASSES>
        <root url="file://$USER_HOME$/.virtualenvs/predikto-docker/lib/python3.7" />
        <root url="file://$USER_HOME$/.virtualenvs/predikto-docker/lib/python3.7/lib-dynload" />
        <root url="file:///usr/local/Cellar/python/3.7.5/Frameworks/Python.framework/Versions/3.7/lib/python3.7" />
        <root url="file://$USER_HOME$/.virtualenvs/predikto-docker/lib/python3.7/site-packages" />
        <root url="file://$USER_HOME$/Library/Caches/IntelliJIdea2019.2/python_stubs/2129709069" />
        <root url="file://$APPLICATION_PLUGINS_DIR$/python/helpers/python-skeletons" />
        <root url="file://$APPLICATION_PLUGINS_DIR$/python/helpers/typeshed/stdlib/3" />
        <root url="file://$APPLICATION_PLUGINS_DIR$/python/helpers/typeshed/stdlib/2and3" />
        <root url="file://$APPLICATION_PLUGINS_DIR$/python/helpers/typeshed/third_party/3" />
        <root url="file://$APPLICATION_PLUGINS_DIR$/python/helpers/typeshed/third_party/2and3" />
      </CLASSES>
      <JAVADOC />
      <SOURCES>
        <root url="file://$USER_HOME$/.virtualenvs/predikto-docker/lib/python3.7" />
        <root url="file://$USER_HOME$/.virtualenvs/predikto-docker/lib/python3.7/lib-dynload" />
        <root url="file:///usr/local/Cellar/python/3.7.5/Frameworks/Python.framework/Versions/3.7/lib/python3.7" />
        <root url="file://$USER_HOME$/.virtualenvs/predikto-docker/lib/python3.7/site-packages" />
        <root url="file://$USER_HOME$/Library/Caches/IntelliJIdea2019.2/python_stubs/2129709069" />
        <root url="file://$APPLICATION_PLUGINS_DIR$/python/helpers/python-skeletons" />
        <root url="file://$APPLICATION_PLUGINS_DIR$/python/helpers/typeshed/stdlib/3" />
        <root url="file://$APPLICATION_PLUGINS_DIR$/python/helpers/typeshed/stdlib/2and3" />
        <root url="file://$APPLICATION_PLUGINS_DIR$/python/helpers/typeshed/third_party/3" />
        <root url="file://$APPLICATION_PLUGINS_DIR$/python/helpers/typeshed/third_party/2and3" />
      </SOURCES>
    </library>
    <library name="Python 3.7 (predikto-sparky) interpreter library">
      <CLASSES>
        <root url="file://$USER_HOME$/.virtualenvs/predikto-sparky/lib/python3.7" />
        <root url="file://$USER_HOME$/.virtualenvs/predikto-sparky/lib/python3.7/lib-dynload" />
        <root url="file:///usr/local/Cellar/python/3.7.5/Frameworks/Python.framework/Versions/3.7/lib/python3.7" />
        <root url="file://$USER_HOME$/.virtualenvs/predikto-sparky/lib/python3.7/site-packages" />
        <root url="file://$USER_HOME$/Library/Caches/IntelliJIdea2019.3/python_stubs/-1224578334" />
        <root url="file://$APPLICATION_PLUGINS_DIR$/python/helpers/python-skeletons" />
        <root url="file://$APPLICATION_PLUGINS_DIR$/python/helpers/typeshed/stdlib/3" />
        <root url="file://$APPLICATION_PLUGINS_DIR$/python/helpers/typeshed/stdlib/2and3" />
        <root url="file://$APPLICATION_PLUGINS_DIR$/python/helpers/typeshed/third_party/3" />
        <root url="file://$APPLICATION_PLUGINS_DIR$/python/helpers/typeshed/third_party/2and3" />
      </CLASSES>
      <JAVADOC />
      <SOURCES>
        <root url="file://$USER_HOME$/.virtualenvs/predikto-sparky/lib/python3.7" />
        <root url="file://$USER_HOME$/.virtualenvs/predikto-sparky/lib/python3.7/lib-dynload" />
        <root url="file:///usr/local/Cellar/python/3.7.5/Frameworks/Python.framework/Versions/3.7/lib/python3.7" />
        <root url="file://$USER_HOME$/.virtualenvs/predikto-sparky/lib/python3.7/site-packages" />
        <root url="file://$USER_HOME$/Library/Caches/IntelliJIdea2019.3/python_stubs/-1224578334" />
        <root url="file://$APPLICATION_PLUGINS_DIR$/python/helpers/python-skeletons" />
        <root url="file://$APPLICATION_PLUGINS_DIR$/python/helpers/typeshed/stdlib/3" />
        <root url="file://$APPLICATION_PLUGINS_DIR$/python/helpers/typeshed/stdlib/2and3" />
        <root url="file://$APPLICATION_PLUGINS_DIR$/python/helpers/typeshed/third_party/3" />
        <root url="file://$APPLICATION_PLUGINS_DIR$/python/helpers/typeshed/third_party/2and3" />
      </SOURCES>
    </library>
    <library name="Python 3.7 (pytest-bdd-example) interpreter library">
      <CLASSES>
        <root url="file://$USER_HOME$/.virtualenvs/pytest-bdd-example/lib/python3.7" />
        <root url="file://$USER_HOME$/.virtualenvs/pytest-bdd-example/lib/python3.7/lib-dynload" />
        <root url="file://$USER_HOME$/.pyenv/versions/3.7.0/lib/python3.7" />
        <root url="file://$USER_HOME$/.virtualenvs/pytest-bdd-example/lib/python3.7/site-packages" />
        <root url="file://$USER_HOME$/Library/Caches/IntelliJIdea2019.1/python_stubs/-1451740643" />
        <root url="file://$APPLICATION_PLUGINS_DIR$/python/helpers/python-skeletons" />
        <root url="file://$APPLICATION_PLUGINS_DIR$/python/helpers/typeshed/stdlib/3" />
        <root url="file://$APPLICATION_PLUGINS_DIR$/python/helpers/typeshed/stdlib/2and3" />
        <root url="file://$APPLICATION_PLUGINS_DIR$/python/helpers/typeshed/third_party/3" />
        <root url="file://$APPLICATION_PLUGINS_DIR$/python/helpers/typeshed/third_party/2and3" />
      </CLASSES>
      <JAVADOC />
      <SOURCES>
        <root url="file://$USER_HOME$/.virtualenvs/pytest-bdd-example/lib/python3.7" />
        <root url="file://$USER_HOME$/.virtualenvs/pytest-bdd-example/lib/python3.7/lib-dynload" />
        <root url="file://$USER_HOME$/.pyenv/versions/3.7.0/lib/python3.7" />
        <root url="file://$USER_HOME$/.virtualenvs/pytest-bdd-example/lib/python3.7/site-packages" />
        <root url="file://$USER_HOME$/Library/Caches/IntelliJIdea2019.1/python_stubs/-1451740643" />
        <root url="file://$APPLICATION_PLUGINS_DIR$/python/helpers/python-skeletons" />
        <root url="file://$APPLICATION_PLUGINS_DIR$/python/helpers/typeshed/stdlib/3" />
        <root url="file://$APPLICATION_PLUGINS_DIR$/python/helpers/typeshed/stdlib/2and3" />
        <root url="file://$APPLICATION_PLUGINS_DIR$/python/helpers/typeshed/third_party/3" />
        <root url="file://$APPLICATION_PLUGINS_DIR$/python/helpers/typeshed/third_party/2and3" />
      </SOURCES>
    </library>
    <library name="Python 3.7 (sandbox) interpreter library">
      <CLASSES>
        <root url="file://$USER_HOME$/.virtualenvs/sandbox/lib/python3.7" />
        <root url="file://$USER_HOME$/.virtualenvs/sandbox/lib/python3.7/lib-dynload" />
        <root url="file:///usr/local/Cellar/python/3.7.5/Frameworks/Python.framework/Versions/3.7/lib/python3.7" />
        <root url="file://$USER_HOME$/.virtualenvs/sandbox/lib/python3.7/site-packages" />
        <root url="file://$USER_HOME$/Library/Caches/IntelliJIdea2019.3/python_stubs/-1954485890" />
        <root url="file://$APPLICATION_PLUGINS_DIR$/python/helpers/python-skeletons" />
        <root url="file://$APPLICATION_PLUGINS_DIR$/python/helpers/typeshed/stdlib/3" />
        <root url="file://$APPLICATION_PLUGINS_DIR$/python/helpers/typeshed/stdlib/2and3" />
        <root url="file://$APPLICATION_PLUGINS_DIR$/python/helpers/typeshed/third_party/3" />
        <root url="file://$APPLICATION_PLUGINS_DIR$/python/helpers/typeshed/third_party/2and3" />
      </CLASSES>
      <JAVADOC />
      <SOURCES>
        <root url="file://$USER_HOME$/.virtualenvs/sandbox/lib/python3.7" />
        <root url="file://$USER_HOME$/.virtualenvs/sandbox/lib/python3.7/lib-dynload" />
        <root url="file:///usr/local/Cellar/python/3.7.5/Frameworks/Python.framework/Versions/3.7/lib/python3.7" />
        <root url="file://$USER_HOME$/.virtualenvs/sandbox/lib/python3.7/site-packages" />
        <root url="file://$USER_HOME$/Library/Caches/IntelliJIdea2019.3/python_stubs/-1954485890" />
        <root url="file://$APPLICATION_PLUGINS_DIR$/python/helpers/python-skeletons" />
        <root url="file://$APPLICATION_PLUGINS_DIR$/python/helpers/typeshed/stdlib/3" />
        <root url="file://$APPLICATION_PLUGINS_DIR$/python/helpers/typeshed/stdlib/2and3" />
        <root url="file://$APPLICATION_PLUGINS_DIR$/python/helpers/typeshed/third_party/3" />
        <root url="file://$APPLICATION_PLUGINS_DIR$/python/helpers/typeshed/third_party/2and3" />
      </SOURCES>
    </library>
    <library name="Python 3.7 (test) interpreter library">
      <CLASSES>
        <root url="file://$USER_HOME$/.virtualenvs/test/lib/python3.7" />
        <root url="file://$USER_HOME$/.virtualenvs/test/lib/python3.7/lib-dynload" />
        <root url="file://$USER_HOME$/.pyenv/versions/3.7.0/lib/python3.7" />
        <root url="file://$USER_HOME$/.virtualenvs/test/lib/python3.7/site-packages" />
        <root url="file://$USER_HOME$/Library/Caches/IntelliJIdea2019.1/python_stubs/-1128156424" />
        <root url="file://$APPLICATION_PLUGINS_DIR$/python/helpers/python-skeletons" />
        <root url="file://$APPLICATION_PLUGINS_DIR$/python/helpers/typeshed/stdlib/3" />
        <root url="file://$APPLICATION_PLUGINS_DIR$/python/helpers/typeshed/stdlib/2and3" />
        <root url="file://$APPLICATION_PLUGINS_DIR$/python/helpers/typeshed/third_party/3" />
        <root url="file://$APPLICATION_PLUGINS_DIR$/python/helpers/typeshed/third_party/2and3" />
      </CLASSES>
      <JAVADOC />
      <SOURCES>
        <root url="file://$USER_HOME$/.virtualenvs/test/lib/python3.7" />
        <root url="file://$USER_HOME$/.virtualenvs/test/lib/python3.7/lib-dynload" />
        <root url="file://$USER_HOME$/.pyenv/versions/3.7.0/lib/python3.7" />
        <root url="file://$USER_HOME$/.virtualenvs/test/lib/python3.7/site-packages" />
        <root url="file://$USER_HOME$/Library/Caches/IntelliJIdea2019.1/python_stubs/-1128156424" />
        <root url="file://$APPLICATION_PLUGINS_DIR$/python/helpers/python-skeletons" />
        <root url="file://$APPLICATION_PLUGINS_DIR$/python/helpers/typeshed/stdlib/3" />
        <root url="file://$APPLICATION_PLUGINS_DIR$/python/helpers/typeshed/stdlib/2and3" />
        <root url="file://$APPLICATION_PLUGINS_DIR$/python/helpers/typeshed/third_party/3" />
        <root url="file://$APPLICATION_PLUGINS_DIR$/python/helpers/typeshed/third_party/2and3" />
      </SOURCES>
    </library>
    <library name="Python 3.7 (test-tools) interpreter library">
      <CLASSES>
        <root url="file://$USER_HOME$/.virtualenvs/test-tools/lib/python3.7" />
        <root url="file://$USER_HOME$/.virtualenvs/test-tools/lib/python3.7/lib-dynload" />
        <root url="file://$USER_HOME$/.pyenv/versions/3.7.0/lib/python3.7" />
        <root url="file://$USER_HOME$/.virtualenvs/test-tools/lib/python3.7/site-packages" />
        <root url="file://$USER_HOME$/Library/Caches/IntelliJIdea2019.2/python_stubs/288134226" />
        <root url="file://$APPLICATION_PLUGINS_DIR$/python/helpers/python-skeletons" />
        <root url="file://$APPLICATION_PLUGINS_DIR$/python/helpers/typeshed/stdlib/3" />
        <root url="file://$APPLICATION_PLUGINS_DIR$/python/helpers/typeshed/stdlib/2and3" />
        <root url="file://$APPLICATION_PLUGINS_DIR$/python/helpers/typeshed/third_party/3" />
        <root url="file://$APPLICATION_PLUGINS_DIR$/python/helpers/typeshed/third_party/2and3" />
      </CLASSES>
      <JAVADOC />
      <SOURCES>
        <root url="file://$USER_HOME$/.virtualenvs/test-tools/lib/python3.7" />
        <root url="file://$USER_HOME$/.virtualenvs/test-tools/lib/python3.7/lib-dynload" />
        <root url="file://$USER_HOME$/.pyenv/versions/3.7.0/lib/python3.7" />
        <root url="file://$USER_HOME$/.virtualenvs/test-tools/lib/python3.7/site-packages" />
        <root url="file://$USER_HOME$/Library/Caches/IntelliJIdea2019.2/python_stubs/288134226" />
        <root url="file://$APPLICATION_PLUGINS_DIR$/python/helpers/python-skeletons" />
        <root url="file://$APPLICATION_PLUGINS_DIR$/python/helpers/typeshed/stdlib/3" />
        <root url="file://$APPLICATION_PLUGINS_DIR$/python/helpers/typeshed/stdlib/2and3" />
        <root url="file://$APPLICATION_PLUGINS_DIR$/python/helpers/typeshed/third_party/3" />
        <root url="file://$APPLICATION_PLUGINS_DIR$/python/helpers/typeshed/third_party/2and3" />
      </SOURCES>
    </library>
    <library name="Python 3.7 virtualenv at ~/.virtualenvs/predikto-devops interpreter library">
      <CLASSES />
      <JAVADOC />
      <SOURCES />
    </library>
  </component>
</application>