<application>
  <component name="FileTypeManager" version="17">
    <extensionMap>
      <mapping pattern="Dockerfile*" type="Dockerfile" />
      <mapping pattern="Dockerfile_jenkins" type="Dockerfile" />
      <mapping pattern="[dD]ockerfile" type="Dockerfile" />
      <mapping pattern="Dockerfile-jenkins" type="Dockerfile" />
      <mapping pattern="Jenkinsfile" type="Groovy" />
      <mapping pattern="airflow_version" type="PLAIN_TEXT" />
      <mapping pattern="plan" type="PLAIN_TEXT" />
      <mapping pattern="plan_1562171329" type="PLAIN_TEXT" />
      <mapping pattern="version" type="PLAIN_TEXT" />
      <mapping ext="0_x4" type="PLAIN_TEXT" />
      <mapping ext="terraform" type="PLAIN_TEXT" />
      <removed_mapping ext="bat" approved="true" type="PLAIN_TEXT" />
      <removed_mapping ext="log" approved="true" type="PLAIN_TEXT" />
      <removed_mapping ext="cmd" approved="true" type="PLAIN_TEXT" />
      <removed_mapping ext="bat" approved="true" type="PLAIN_TEXT" />
      <removed_mapping ext="log" approved="true" type="PLAIN_TEXT" />
      <removed_mapping ext="dockerfile" approved="true" type="textmate" />
      <removed_mapping ext="makefile" approved="true" type="textmate" />
      <removed_mapping ext="cmd" approved="true" type="PLAIN_TEXT" />
      <removed_mapping ext="snakefile" approved="true" type="textmate" />
    </extensionMap>
  </component>
</application>